train,test
0.9222174446288355,0.48370729082038766
1319.8601589673333,9041.01103141148
